{"cameraMode":{"drawMode":0,"name":"Shaded","section":"Shading Mode"},"sceneLighting":false,"audioPlay":false,"sceneViewState":{"showFog":true,"showMaterialUpdate":false,"showSkybox":true,"showFlares":true,"showImageEffects":true,"showParticleSystems":true},"in2DMode":false,"pivot":{"x":2.146082639694214,"y":0.007906973361968995,"z":0.668153703212738},"rotation":{"x":0.08676668256521225,"y":0.6948826313018799,"z":-0.085065096616745,"w":0.7087832689285278},"size":4.077022552490234,"orthographic":false}